{"schemaVersion":"1.0","appDefinitionTemplate":{"id":"/providers/Microsoft.PowerApps/apps/","type":"Microsoft.PowerApps/apps","tags":{"primaryDeviceWidth":"1366","primaryDeviceHeight":"768","sienaVersion":"20220411T134050Z-3.22022.31.0","deviceCapabilities":"","supportsPortrait":"true","supportsLandscape":"true","primaryFormFactor":"Tablet","publisherVersion":"3.22022.31","minimumRequiredApiVersion":"2.2.0","hasComponent":"false","hasUnlockedComponent":"false","isUnifiedRootApp":"false"},"properties":{"appVersion":"2022-04-11T13:40:50Z","lifeCycleId":"Published","createdByClientVersion":{"major":3,"minor":22022,"build":31,"revision":0,"majorRevision":0,"minorRevision":0},"minClientVersion":{"major":3,"minor":22022,"build":31,"revision":0,"majorRevision":0,"minorRevision":0},"backgroundColor":"rgba(0, 176, 240, 1)","backgroundImageUri":"/17191885602218982746/Ne82c14f9-3b73-415b-90eb-b4d671329d7c-logoSmallFile","displayName":"Desk Reservation System MultiDates","description":"","commitMessage":"","appUris":{"documentUri":{"value":"/17191885602218982746/N2ad67d3f-2dbd-4877-892f-085c0623c7bd-document.msapp"},"imageUris":[]},"createdTime":"0001-01-01T00:00:00Z","lastModifiedTime":"0001-01-01T00:00:00Z","sharedGroupsCount":0,"sharedUsersCount":0,"icons":{"smallIconUri":"/17191885602218982746/Nbf96a9fd-c212-45a4-9533-7e630979cd1d-small.png","mediumIconUri":"/17191885602218982746/N42f8438d-4b62-49c1-8a55-bae409462221-medium.png","largeIconUri":"/17191885602218982746/N873bcaa5-c1df-4fb3-afb5-71985b29abdb-large.png","wideIconUri":"/17191885602218982746/N8545c320-f7a7-4215-8b80-fcc358f836a4-wide.png"},"connectionReferences":{"3c4c53e1-5272-4df6-a534-f0fd794f3508":{"id":"628d21cc-307d-4887-a1af-e38cbc1f4a47","displayName":"SharePoint","iconUri":"https://connectoricons-prod.azureedge.net/releases/v1.0.1563/1.0.1563.2732/sharepointonline/icon.png","dataSources":["OfficeInfo","OfficeBookingMultiDates"],"dependencies":[],"dependents":[],"parameterHints":{},"parameterHintsV2":{},"isOnPremiseConnection":false,"bypassConsent":false,"dataSets":{"https://ltiblogs.sharepoint.com/sites/Development":{"dataSources":{"OfficeInfo":{"tableName":"046cb1b9-cf49-4061-bcc0-f5264a0db02b"},"OfficeBookingMultiDates":{"tableName":"6bc703f5-9e72-4f46-8106-9baac14a6464"}}}},"apiTier":"Standard","isCustomApiConnection":false,"actions":["providers/PowerPlatform.Governance/Operations/Read","providers/PowerPlatform.Governance/Operations/Write","providers/PowerPlatform.Governance/Operations/Delete"]}},"databaseReferences":{},"almMode":"Environment","performanceOptimizationEnabled":true,"canConsumeAppPass":true,"executionRestrictions":{"isTeamsOnly":false,"dataLossPreventionEvaluationResult":{"status":"Compliant","lastEvaluationDate":"2022-03-20T01:04:25.0522985Z","violations":[],"violationsByPolicy":[],"violationErrorMessage":"The app uses the following connectors: shared_sharepointonline."}}},"appType":"ClassicCanvasApp","appComponents":[]}}