{"schemaVersion":"1.0","appDefinitionTemplate":{"id":"/providers/Microsoft.PowerApps/apps/","type":"Microsoft.PowerApps/apps","tags":{"primaryDeviceWidth":"1366","primaryDeviceHeight":"768","sienaVersion":"20220404T132140Z-3.22022.31.0","deviceCapabilities":"","supportsPortrait":"true","supportsLandscape":"true","primaryFormFactor":"Tablet","publisherVersion":"3.22022.31","minimumRequiredApiVersion":"2.2.0","hasComponent":"false","hasUnlockedComponent":"false","isUnifiedRootApp":"false"},"properties":{"appVersion":"2022-04-04T13:21:40Z","lifeCycleId":"Published","createdByClientVersion":{"major":3,"minor":22022,"build":31,"revision":0,"majorRevision":0,"minorRevision":0},"minClientVersion":{"major":3,"minor":22022,"build":31,"revision":0,"majorRevision":0,"minorRevision":0},"backgroundColor":"rgba(0, 176, 240, 1)","backgroundImageUri":"/17191885602218982746/N9bac6588-6ed3-4017-9b99-e8a659292d40-logoSmallFile","displayName":"Desk Reservation System MultiDates","description":"","commitMessage":"","appUris":{"documentUri":{"value":"/17191885602218982746/Nd32d5542-0462-4b7e-a0ea-2807c7a51354-document.msapp"},"imageUris":[]},"createdTime":"0001-01-01T00:00:00Z","lastModifiedTime":"0001-01-01T00:00:00Z","sharedGroupsCount":0,"sharedUsersCount":0,"icons":{"smallIconUri":"/17191885602218982746/N8459c0da-a59c-4426-bc9e-f8e2eb004a12-small.png","mediumIconUri":"/17191885602218982746/Nafbde010-5c7b-40c4-a387-fb45657a00c4-medium.png","largeIconUri":"/17191885602218982746/Nc2bef1e0-fc2e-4e04-9ba0-c6e2491767ac-large.png","wideIconUri":"/17191885602218982746/Nd1018b55-1384-4e27-85d2-efd0c45cb693-wide.png"},"connectionReferences":{"3c4c53e1-5272-4df6-a534-f0fd794f3508":{"id":"628d21cc-307d-4887-a1af-e38cbc1f4a47","displayName":"SharePoint","iconUri":"https://connectoricons-prod.azureedge.net/releases/v1.0.1563/1.0.1563.2732/sharepointonline/icon.png","dataSources":["OfficeInfo","OfficeBookingMultiDates"],"dependencies":[],"dependents":[],"parameterHints":{},"parameterHintsV2":{},"isOnPremiseConnection":false,"bypassConsent":false,"dataSets":{"https://ltiblogs.sharepoint.com/sites/Development":{"dataSources":{"OfficeInfo":{"tableName":"046cb1b9-cf49-4061-bcc0-f5264a0db02b"},"OfficeBookingMultiDates":{"tableName":"6bc703f5-9e72-4f46-8106-9baac14a6464"}}}},"apiTier":"Standard","isCustomApiConnection":false,"actions":["providers/PowerPlatform.Governance/Operations/Read","providers/PowerPlatform.Governance/Operations/Write","providers/PowerPlatform.Governance/Operations/Delete"]}},"databaseReferences":{},"almMode":"Environment","performanceOptimizationEnabled":true,"canConsumeAppPass":true,"executionRestrictions":{"isTeamsOnly":false,"dataLossPreventionEvaluationResult":{"status":"Compliant","lastEvaluationDate":"2022-03-20T01:04:25.0522985Z","violations":[],"violationsByPolicy":[],"violationErrorMessage":"The app uses the following connectors: shared_sharepointonline."}}},"appType":"ClassicCanvasApp","appComponents":[]}}