{"schemaVersion":"1.0","appDefinitionTemplate":{"id":"/providers/Microsoft.PowerApps/apps/","type":"Microsoft.PowerApps/apps","tags":{"primaryDeviceWidth":"1366","primaryDeviceHeight":"768","sienaVersion":"20220328T213902Z-3.22022.31.0","deviceCapabilities":"","supportsPortrait":"true","supportsLandscape":"true","primaryFormFactor":"Tablet","publisherVersion":"3.22022.31","minimumRequiredApiVersion":"2.2.0","hasComponent":"false","hasUnlockedComponent":"false","isUnifiedRootApp":"false"},"properties":{"appVersion":"2022-03-28T21:39:02Z","lifeCycleId":"Published","createdByClientVersion":{"major":3,"minor":22022,"build":31,"revision":0,"majorRevision":0,"minorRevision":0},"minClientVersion":{"major":3,"minor":22022,"build":31,"revision":0,"majorRevision":0,"minorRevision":0},"backgroundColor":"rgba(0, 176, 240, 1)","backgroundImageUri":"/17191885602218982746/N0e7e84ca-b9b6-4b38-a4a0-05528ca8399c-logoSmallFile","displayName":"Desk Reservation System MultiDates","description":"","commitMessage":"","appUris":{"documentUri":{"value":"/17191885602218982746/N741ac84c-3b4f-4317-b3c4-76f8e99a3b03-document.msapp"},"imageUris":[]},"createdTime":"0001-01-01T00:00:00Z","lastModifiedTime":"0001-01-01T00:00:00Z","sharedGroupsCount":0,"sharedUsersCount":0,"icons":{"smallIconUri":"/17191885602218982746/Nf6ca9c41-802e-4a39-98cc-1cc3bc9d9399-small.png","mediumIconUri":"/17191885602218982746/N33be763a-a067-4324-9746-dd028aceb4b5-medium.png","largeIconUri":"/17191885602218982746/N24b88346-329a-48a0-9076-889f3667151c-large.png","wideIconUri":"/17191885602218982746/Nc99b896e-44b0-441a-ad7e-e03b63572d7f-wide.png"},"connectionReferences":{"3c4c53e1-5272-4df6-a534-f0fd794f3508":{"id":"628d21cc-307d-4887-a1af-e38cbc1f4a47","displayName":"SharePoint","iconUri":"https://connectoricons-prod.azureedge.net/releases/v1.0.1559/1.0.1559.2723/sharepointonline/icon.png","dataSources":["OfficeInfo","OfficeBookingMultiDates"],"dependencies":[],"dependents":[],"parameterHints":{},"parameterHintsV2":{},"isOnPremiseConnection":false,"bypassConsent":false,"dataSets":{"https://ltiblogs.sharepoint.com/sites/Development":{"dataSources":{"OfficeInfo":{"tableName":"046cb1b9-cf49-4061-bcc0-f5264a0db02b"},"OfficeBookingMultiDates":{"tableName":"6bc703f5-9e72-4f46-8106-9baac14a6464"}}}},"apiTier":"Standard","isCustomApiConnection":false,"actions":["providers/PowerPlatform.Governance/Operations/Read","providers/PowerPlatform.Governance/Operations/Write","providers/PowerPlatform.Governance/Operations/Delete"]}},"databaseReferences":{},"almMode":"Environment","performanceOptimizationEnabled":true,"canConsumeAppPass":true,"executionRestrictions":{"isTeamsOnly":false,"dataLossPreventionEvaluationResult":{"status":"Compliant","lastEvaluationDate":"2022-03-20T01:04:25.0522985Z","violations":[],"violationsByPolicy":[],"violationErrorMessage":"The app uses the following connectors: shared_sharepointonline."}}},"appType":"ClassicCanvasApp","appComponents":[]}}